item-name,item-description,listing-id,seller-sku,price,quantity,open-date,image-url,item-is-marketplace,product-id-type,zshop-shipping-fee,item-note,item-condition,zshop-category1,zshop-browse-path,zshop-storefront-feature,asin1,asin2,asin3,will-ship-internationally,expedited-shipping,zshop-boldface,product-id,bid-for-featured-placement,add-delete,pending-quantity,fulfillment-channel,merchant-shipping-group,status,maximum-retail-price
"Eset Internet Security - 1 User, 1 Year (Email Delivery in 2 hours- No CD)",,0513XOY63ME,ESET_IS_1U_1Y,400,241,2020-05-14 00:15:41 IST,,y,1,,,11,,,,B079KPY3H6,,,,,,B079KPY3H6,,,0,DEFAULT,Digital Delivery Prime,Active,1399
"Eset Internet Security 2020 MultiDevice (Windows/Mac/Android/Linux) - 1 User, 1 Year (Email Delivery in 2 Hours - No CD)",,0615XZ9GA2S,ESET_IS_1U_1Y_2020,539,3,2020-06-15 21:17:22 IST,,y,1,,,11,,,,B08B1YDBB9,,,,,,B08B1YDBB9,,,0,DEFAULT,Digital Delivery Prime,Active,1499
"Eset Internet Security 2020 Multi-Device (Windows / Mac / Android / Linux) - 1 User, 3 Years (Email Delivery in 2 hours- No CD)",,0513XOVMM4E,ESET_IS_1U_3Y,1200,104,2020-05-14 00:16:44 IST,,y,1,,,11,,,,B079KFL6SQ,,,,,,B079KFL6SQ,,,0,DEFAULT,Digital Delivery Prime,Active,2799
"ESET Internet Security - 2 Devices, 1 Year (Email Delivery in 2 Hours- No CD)",,0515XV9UKUC,ESET_IS_2U_1Y,700,10,2020-05-16 01:10:29 IST,,y,1,,,11,,,,B07C7JVC7Q,,,,,,B07C7JVC7Q,,,0,DEFAULT,Digital Delivery Prime,Active,1599
"ESET Internet Security - 3 Devices, 1 Year (Email Delivery in 2 Hours- No CD)",,0513XOWD35Z,ESET_IS_3U_1Y,800,29,2020-05-14 00:25:59 IST,,y,1,,,11,,,,B07C7JV871,,,,,,B07C7JV871,,,0,DEFAULT,Digital Delivery Prime,Active,2199
"Eset NOD32 Antivirus Latest Version - 10 PC, 1 Year (10 Individual Keys) (Email Delivery in 2 Hours - No CD)",,0520XAVDK4M,ESET_NOD32_AV_10U_1Y,2299,14,2020-05-21 01:48:15 IST,,y,1,,,11,,,,B088V64NP3,,,,,,B088V64NP3,,,0,DEFAULT,Digital Delivery Prime,Active,5000
"Eset NOD32 Antivirus Latest Version - 1 PC, 1 Year (Email Delivery in 2 Hours - No CD)",,0520XACHSYB,ESET_NOD32_AV_1U_1Y,224,5,2020-05-21 01:45:06 IST,,y,1,,,11,,,,B088V8745Q,,,,,,B088V8745Q,,,0,DEFAULT,Digital Delivery Prime,Active,999
"Eset NOD32 Antivirus 2020 Latest Version - 1 PC, 3 Years (Email Delivery in 2 Hours - No CD)",,0615XZ7CWJ5,ESET_NOD32_AV_1U_3Y,550,66,2020-06-15 21:16:24 IST,,y,1,,,11,,,,B08B1VCC6X,,,,,,B08B1VCC6X,,,0,DEFAULT,Digital Delivery Prime,Active,999
"ESET NOD32 Antivirus - 2 Devices, 1 Year (Email Delivery in 2 Hours- No CD)",,0515XVAI5UN,ESET_NOD32_AV_2U_1Y,750,20,2020-05-16 01:32:15 IST,,y,1,,,11,,,,B07C7YFSHC,,,,,,B07C7YFSHC,,,0,DEFAULT,Digital Delivery Prime,Active,1499
"eScan Antivirus with Total Protection Version 11 - 1 PC, 1 Year (Email Delivery in 2 Hours - No CD)",,1116U41LD8F,ES_AV_11_1U_1Y,163,28,2018-11-16 20:18:36 IST,,y,1,,,11,,,,B07KCJ9BQN,,,,,,B07KCJ9BQN,,,0,DEFAULT,Digital Delivery Prime,Active,595
"eScan Anti-Virus with Total Protection Version 11 - 1 PC, 1 Year (Email Delivery in 2 Hours - No CD)",,0829U919LD4,ES_AV_V11_1U_1Y,160,4,2018-08-29 20:59:26 IST,,y,1,,,11,,,,B07FN8GFQP,,,,,,B07FN8GFQP,,,0,DEFAULT,Digital Delivery Prime,Active,450
"eScan Internet Security Suite Version 11 - 1 User, 1 Year (Email Delivery in 2 Hours - No CD)",,1116U3YZ0JN,ES_ISS_11_1U_1Y,389,19,2018-11-16 20:18:37 IST,,y,1,,,11,,,,B07KCFS3RB,,,,,,B07KCFS3RB,,,0,DEFAULT,Digital Delivery Prime,Active,775
"eScan Internet Security Suite with Cloud Security Version 14 - 1 User, 1 Year (Email Delivery in 2 Hours - No CD)",,0829U93YCLP,ES_ISS_V14_1U_1Y,478,4,2018-08-29 20:59:29 IST,,y,1,,,11,,,,B07FN63PSY,,,,,,B07FN63PSY,,,0,DEFAULT,Digital Delivery Prime,Active,1299
"eScan Total Security Suite with Cloud Security - 1 User, 1 Year (Email Delivery in 2 Hours - No CD)",,1116U41MD3E,ES_TSSCS_1U_1Y,449,9,2018-11-16 20:18:32 IST,,y,1,,,11,,,,B07J4SXNPX,,,,,,B07J4SXNPX,,,0,DEFAULT,Digital Delivery Prime,Active,1925
"McAfee Anti-Virus - 1 PC, 1 Year (Email Delivery in 2 hours- No CD)",,0910VMAOAXT,Em_MF_AV_1PC_1Y,350,1189,2019-09-10 19:33:14 IST,,y,1,,,11,,,,B073VJYGYW,,,,,,B073VJYGYW,,,0,DEFAULT,Digital Delivery Prime,Active,499
"McAfee Antivirus - 1 User, 3 Years (Email Delivery in 2 hours- No CD)",,0401VA0CRHO,Em_MF_AV_1U_3Y,650,1069,2019-04-01 12:31:51 IST,,y,1,,,11,,,,B07895T7B1,,,,,,B07895T7B1,,,0,DEFAULT,Digital Delivery Prime,Active,899
"McAfee Internet Security (Windows / Mac / Android / iOS) - 1 User, 1 Year (Email Delivery in 2 hours- No CD)",,0405VO8H2W3,Em_MF_IS_1U_1Y,449,311,2019-04-05 11:54:23 IST,,y,1,,,11,,,,B073VLGMZ5,,,,,,B073VLGMZ5,,,0,DEFAULT,Digital Delivery Prime,Active,800
"McAfee Internet Security (Windows / Mac / Android / iOS) - 1 User, 3 Years (Email Delivery in 2 hours- No CD)",,0405VMFSZAP,Em_MF_IS_1U_3Y,1100,243,2019-04-05 12:00:02 IST,,y,1,,,11,,,,B073VJYG4T,,,,,,B073VJYG4T,,,0,DEFAULT,Digital Delivery Prime,Active,1799
"McAfee Mobile Security - 1 Device, 1 Year - Product Key (Email Delivery in 2 hours- No CD)",,0405VO4U98Q,Em_MF_MS_1D_1Y,149,142,2019-04-05 12:01:36 IST,,y,1,,,11,,,,B073VLNGJT,,,,,,B073VLNGJT,,,0,DEFAULT,Digital Delivery Prime,Active,199
"McAfee Total Protection with Safe Family (Windows/Mac/Android/iOS) 10 Devices, 1 Year (Single Key) (Email Delivery in 2 Hours - No CD)",,0506X5PDX0K,Em_MF_TP_10D_1Y,1999,67,2020-05-06 22:36:39 IST,,y,1,,,11,,,,B0886RMBN4,,,,,,B0886RMBN4,,,0,DEFAULT,Digital Delivery Prime,Active,3999
"McAfee Total Protection (Windows / Mac / Android / iOS) - 1 User, 1 Year (Email Delivery in 2 hours- No CD)",,0405VNDCLZ3,Em_MF_TP_1U_1Y,749,817,2019-04-05 11:45:07 IST,,y,1,,,11,,,,B073VKKNND,,,,,,B073VKKNND,,,0,DEFAULT,Digital Delivery Prime,Active,1199
"McAfee Total Protection (Windows / Mac / Android / iOS) - 1 User, 3 Years (Email Delivery in 2 hours- No CD)",,0405VJ2DB7N,Em_MF_TP_1U_3Y,1699,444,2019-04-05 11:56:28 IST,,y,1,,,11,,,,B073VLGMZ4,,,,,,B073VLGMZ4,,,0,DEFAULT,Digital Delivery Prime,Active,2399
"McAfee Total Protection (Windows / Mac / Android / iOS) 3 Devices, 1 Year (Single Key) (Email Delivery - No CD)",,0824XAIOZUG,Em_MF_TP_3U_1Y,999,2098,2020-08-25 00:45:36 IST,,y,1,,,11,,,,B08GDHK36P,,,,,,B08GDHK36P,,,0,DEFAULT,Digital Delivery Prime,Active,2999
"McAfee Total Protection (Windows / Mac / Android / iOS) 5 Devices, 1 Year (Single Key) (Email Delivery - No CD)",,0824XBEEJQ3,Em_MF_TP_5U_1Y,1199,2164,2020-08-25 00:46:29 IST,,y,1,,,11,,,,B08GDFVWVB,,,,,,B08GDFVWVB,,,0,DEFAULT,Digital Delivery Prime,Active,3999
"Eset Mobile Security for Android Latest Version - 1 Device, 1 Year (Email Delivery in 2 Hours - No CD)",,0520XAJZUU1,Eset_Mobile,150,27,2020-05-21 01:51:22 IST,,y,1,,,11,,,,B088V64NP6,,,,,,B088V64NP6,,,0,DEFAULT,Digital Delivery Prime,Active,499
"K7 Internet Security - 1 User, 1 Year (Email Delivery in 2 Hours - No CD)",,0320VV6DD7C,K7_EM_IS_1U_1Y,169,33,2019-03-20 19:04:56 IST,,y,1,,,11,,,,B07PMRVFWR,,,,,,B07PMRVFWR,,,0,DEFAULT,Digital Delivery Prime,Active,1000
"Kaspersky VPN Secure Connection - 5 Devices, 1 Month (Code emailed in 2 Hours - No CD)",,0513XP2OXHB,KAS_VPN_5D_1Month,500,19,2020-05-14 01:49:56 IST,,y,1,,,11,,,,B088GFM8VW,,,,,,B088GFM8VW,,,0,DEFAULT,Digital Delivery Prime,Active,999
"Kaspersky Anti-Virus Latest Version- 1 PC, 1 Year (Code emailed in 2 Hours - No CD)",,0224X9X7DZY,KAV_1U_1Y,300,141,2020-02-24 19:21:42 IST,,y,1,,,11,,,,B073VL1XM3,,,,,,B073VL1XM3,,,0,DEFAULT,Digital Delivery Prime,Active,599
"Kaspersky Anti-Virus Security 2020 Latest Version - 1 PC, 1 Year (Code emailed in 2 Hours - No CD)",,0615XZ7NYSL,KAV_1U_1Y_3m,300,174,2020-06-15 21:02:37 IST,,y,1,,,11,,,,B08B1SL726,,,,,,B08B1SL726,,,0,DEFAULT,Digital Delivery Prime,Active,799
"Kaspersky Anti-Virus 2020 Latest Version - 1 PC, 3 Years (Code emailed in 2 Hours - No CD)",,0224X9UJ9Y1,KAV_1U_3Y,699,165,2020-02-24 19:21:42 IST,,y,1,,,11,,,,B073VJYG4Q,,,,,,B073VJYG4Q,,,0,DEFAULT,Digital Delivery Prime,Active,1199
"Kaspersky Anti-Virus 2020 Latest Version - 2 Users, 2 Years (Single Key) (Code emailed in 2 Hours - No CD)",,0224X9VHV0F,KAV_2U_2Y,800,22,2020-02-24 19:21:42 IST,,y,1,,,11,,,,B07CQ34RK7,,,,,,B07CQ34RK7,,,0,DEFAULT,Digital Delivery Prime,Active,1499
"Kaspersky Anti-Virus 2020 Latest Version - 3 PCs, 3 Years (Code emailed in 2 Hours - No CD)",,0224X9ULT32,KAV_3U_3Y,1499,184,2020-02-24 19:29:42 IST,,y,1,,,11,,,,B073VJYGYV,,,,,,B073VJYGYV,,,0,DEFAULT,Digital Delivery Prime,Active,2399
"Kaspersky Internet Security for Android Latest Version- 1 Device, 1 Year (Code emailed in 2 Hours - No CD)",,0224X9T8T7I,KISA_1_1,249,1843,2020-02-24 18:36:21 IST,,y,1,,,11,,,,B073VLGMYZ,,,,,,B073VLGMYZ,,,0,DEFAULT,Digital Delivery Prime,Active,365
"Kaspersky Internet Security Latest Version- Multi-Device- 3 Users, 1 Year (Code emailed in 2 Hours - No CD)",,0224X9UHGJU,KIS_ 3U_1Y,879,160,2020-02-24 19:21:42 IST,,y,1,,,11,,,,B073VKWTZH,,,,,,B073VKWTZH,,,0,DEFAULT,Digital Delivery Prime,Active,2099
"Kaspersky Internet Security Latest Version - 1 PC, 1 Year (Code emailed in 2 Hours - No CD)",,0224X9VD6FX,KIS_1U_1Y,400,1456,2020-02-24 19:21:42 IST,,y,1,,,11,,,,B073VKWTZG,,,,,,B073VKWTZG,,,0,DEFAULT,Digital Delivery Prime,Active,899
"Kaspersky Internet Security 2020 Latest Version - 1 PC, 1 Year(Code emailed in 2 Hours - No CD)",,0615XZ805TR,KIS_1U_1Y_3m,400,378,2020-06-15 20:59:45 IST,,y,1,,,11,,,,B08B1RNYRX,,,,,,B08B1RNYRX,,,0,DEFAULT,Digital Delivery Prime,Active,999
"Kaspersky Internet Security 2020 Latest Version - 1 PC, 3 Years (Code emailed in 2 Hours - No CD)",,0513XP45CWO,KIS_1U_3Y,799,619,2020-05-14 01:52:53 IST,,y,1,,,11,,,,B088GG3DPG,,,,,,B088GG3DPG,,,0,DEFAULT,Digital Delivery Prime,Active,3999
"Kaspersky Internet Security Latest Version - 1 PC, 3 Years (CD)",,1001XYJI8NA,KIS_1U_3Y_ph,1899,1,2020-10-02 00:54:52 IST,,y,1,,,11,,,,B0169ZW5YI,,,,,,B0169ZW5YI,,,0,DEFAULT,Digital Delivery Prime,Active,2499
"Kaspersky Internet Security 2 Users, 1 Year (Single Key) (Code emailed in 2 Hours - No CD)",,0224X9V4421,KIS_2U_1Y,700,95,2020-02-24 19:21:42 IST,,y,1,,,11,,,,B07CQ31SYV,,,,,,B07CQ31SYV,,,0,DEFAULT,Digital Delivery Prime,Active,1599
"Kaspersky Total Security Latest Version- 1 User, 1 Year (Code emailed in 2 Hours - No CD)",,0224X9VMPLT,KTS_1U_1Y,500,406,2020-02-24 19:21:42 IST,,y,1,,,11,,,,B073VKKNN9,,,,,,B073VKKNN9,,,0,DEFAULT,Digital Delivery Prime,Active,1999
"Kaspersky Total Security 2020 Latest Version - 1 PC, 1 Year (Code emailed in 2 Hours - No CD)",,0615XZ7TCUF,KTS_1U_1Y_3m,500,594,2020-06-15 20:56:54 IST,,y,1,,,11,,,,B08B1SD2HZ,,,,,,B08B1SD2HZ,,,0,DEFAULT,Digital Delivery Prime,Active,2299
"Kaspersky Total Security 2020 Latest Version - 1 User, 3 Years (Code emailed in 2 Hours - No CD)",,0224X9V7039,KTS_1U_3Y,1499,273,2020-02-24 19:21:42 IST,,y,1,,,11,,,,B073VMC9S4,,,,,,B073VMC9S4,,,0,DEFAULT,Digital Delivery Prime,Active,3999
"Kaspersky Total Security - 2 Device, 1 Year (Single Key) (Code emailed in 2 Hours - No CD)",,0224X9VPWQT,KTS_2U_1Y,899,247,2020-02-24 19:21:42 IST,,y,1,,,11,,,,B07FNM13NB,,,,,,B07FNM13NB,,,0,DEFAULT,Digital Delivery Prime,Active,2999
"NPAV Net Protector Anti-Virus Pro 2020 - 1 PC, 1 Year (Email Delivery in 2 Hours- No CD)",,0711VYYVILH,NPAV_AV_1U_1Y_998314,354,23,2019-07-11 16:36:20 IST,,y,1,,,11,,,,B07C7YTHYD,,,,,,B07C7YTHYD,,,0,DEFAULT,Digital Delivery Prime,Active,725
"NPAV Net Protector Anti-Virus Pro 2020 - 1 PC, 1 Year (Email Delivery - No CD)",,0921XUSR1Z6,NPAV_AV_1U_1Y_998314_hsn,345,43,2020-09-21 20:31:43 IST,,y,1,,,11,,,,B085LHBMJD,,,,,,B085LHBMJD,,,0,DEFAULT,Digital Delivery Prime,Active,999
"NPAV Net Protector 2020 Total Security Gold Edition - 1 PC, 3 Years (Email Delivery in 2 Hours- No CD)",,0711VXW55D0,NPAV_TS_1U_3Y_998314,1118,9,2019-07-11 16:42:36 IST,,y,1,,,11,,,,B07CHMP7J1,,,,,,B07CHMP7J1,,,0,DEFAULT,Digital Delivery Prime,Active,1400
NPAV Net Protector 2020 Total Security - 1 PC 3 Years Email Delivery in 1 Hours,,1025XMTQPPK,NPAV_TS_1U_3Y_998314_hsn,1095,50,2020-10-25 15:27:03 IST,,y,1,,,11,,,,B084RPBFF4,,,,,,B084RPBFF4,,,0,DEFAULT,Digital Delivery Prime,Active,1999
"NPAV Net Protector 2020 Total Security Gold Edition - 1 PC, 1 Year (Email Delivery - No CD)",,0711XXM78LI,NPAV_TS_EM2_1U_1Y,450,187,2020-07-11 20:41:37 IST,,y,1,,,11,,,,B0846J7XJ9,,,,,,B0846J7XJ9,,,0,DEFAULT,Digital Delivery Prime,Active,999
"Net Protector NPAV Total Security 2020 - 1 PC, 1 Year (Email delivery)",,0414XL69RKN,NPAV_TS_EM_1U_1Y_9983_hsn,458,40,2020-04-14 21:39:29 IST,,y,1,,,11,,,,B07CMYRGMH,,,,,,B07CMYRGMH,,,0,DEFAULT,Digital Delivery Prime,Active,999
Norton Antivirus Plus | 1 User 1 Year |Includes Smart Firewall & Password Manager |PC or Mac |Code emailed in 2 Hrs,,0627XWKAB3H,Nor_Av_1D_1Y,579,1133,2020-06-27 23:25:42 IST,,y,1,,,11,,,,B086XSDRQN,,,,,,B086XSDRQN,,,0,DEFAULT,Digital Delivery Prime,Active,1349
"Norton 360 Deluxe | 3 Users 1 Year| Total Security for PC, Mac, Android or iOS |Code emailed in 2 Hrs",,0627XWM016Q,Nor_Delx_3U_1Y,2269,6,2020-06-27 23:30:21 IST,,y,1,,,11,,,,B086XT1RG4,,,,,,B086XT1RG4,,,0,DEFAULT,Digital Delivery Prime,Active,2999
"Norton 360 Deluxe | 3 Users 3 Years| Total Security for PC, Mac, Android or iOS |Code emailed in 2 Hrs",,0627XWGW26O,Nor_Delx_3U_3Y,4599,7,2020-06-27 23:36:28 IST,,y,1,,,11,,,,B086XT81QV,,,,,,B086XT81QV,,,0,DEFAULT,Digital Delivery Prime,Active,7199
"Norton 360 Deluxe |5 Users 1 Year| Total Security for PC, Mac, Android or iOS |Code emailed in 2 Hrs",,0627XWHKKYW,Nor_Delx_5U_1Y,3299,4,2020-06-27 23:38:14 IST,,y,1,,,11,,,,B086XT19B3,,,,,,B086XT19B3,,,0,DEFAULT,Digital Delivery Prime,Active,3999
"Norton 360 Deluxe |5 Users 3 Years| Total Security for PC, Mac, Android or iOS |Code emailed in 2 Hrs",,0627XWMF5C5,Nor_Delx_5U_3Y,6599,13,2020-06-27 23:40:12 IST,,y,1,,,11,,,,B086XSGLBC,,,,,,B086XSGLBC,,,0,DEFAULT,Digital Delivery Prime,Active,9099
"Norton 360 Premium |10 Users 1 Year |Total Security for PC, Mac, Android or iOS |Code emailed in 2 Hrs",,0627XWJFJJ1,Nor_Prem_10U_1Y,4999,17,2020-06-27 23:43:39 IST,,y,1,,,11,,,,B086XSGWGM,,,,,,B086XSGWGM,,,0,DEFAULT,Digital Delivery Prime,Active,5999
"Norton 360 Premium |10 Users 3 Years|Total Security for PC, Mac, Android or iOS |Code emailed in 2 Hrs",,0627XWK4OSC,Nor_Prem_10U_3Y,9999,8,2020-06-27 23:45:03 IST,,y,1,,,11,,,,B086XTGMF5,,,,,,B086XTGMF5,,,0,DEFAULT,Digital Delivery Prime,Active,17999
"Norton 360 Standard |1 User 1 Year| Total Security for PC, Mac, Android or iOS |Code emailed in 2 Hrs",,0627XWN6AGC,Nor_Std_1U_1Y,1199,257,2020-06-27 23:27:31 IST,,y,1,,,11,,,,B086XSDRQP,,,,,,B086XSDRQP,,,0,DEFAULT,Digital Delivery Prime,Active,2099
"Norton 360 Standard |1 User 3 Years|Total Security for PC, Mac, Android or iOS |Code emailed in 2 Hrs",,0627XWJZVBS,Nor_Std_1U_3Y,1999,32,2020-06-27 23:28:30 IST,,y,1,,,11,,,,B086XT4BH2,,,,,,B086XT4BH2,,,0,DEFAULT,Digital Delivery Prime,Active,6299
K7 Gold Lifetime Antivirus and Internet Security - 1 PC (Email Delivery in 2 Hours - No CD),,0707UPVKY7T,k7_gold_1u,2725,29,2018-07-07 12:30:03 IST,,y,1,,,11,,,,B07CJGKZW7,,,,,,B07CJGKZW7,,,0,DEFAULT,Digital Delivery Prime,Active,5000
K7 Gold Lifetime Antivirus and Internet Security - 1 PC,,1218V9TRMT8,k7_gold_ph_1u,2800,68,2019-12-18 18:18:20 IST,,y,1,,,11,,,,B00UP4DA2Q,,,,,,B00UP4DA2Q,,,0,DEFAULT,Free Delivery - No Charges - India,Active,2999
"K7 Total (Ultimate) Security X5 Limited Edition - 5 PCs, 5 Years (CD)",,1120V96GKUS,k7_ulti_ph_x5_5u_5y,3675,12,2019-11-20 13:26:21 IST,,y,1,,,11,,,,B01N34VFUD,,,,,,B01N34VFUD,,,0,DEFAULT,Free Delivery - No Charges - India,Active,9999
"K7 Total Ultimate Security X5 Limited Edition - 5 PC's, 5 Years (Email Delivery in 2 Hours - No CD)",,0707UPT91KA,k7_ulti_x5_5u_5y,3540,18,2018-07-07 12:27:52 IST,,y,1,,,11,,,,B07CJMDKLW,,,,,,B07CJMDKLW,,,0,DEFAULT,Digital Delivery Prime,Active,5000
LG 31.5-inch (80 cm) Full-HD IPS Monitor - 32MN58H,,0628S1266LY,32mn58h mfn,20900,0,2017-06-29 00:15:53 IST,,y,1,,,11,,,,B01MYTIIHB,,,,,,B01MYTIIHB,,,0,DEFAULT,"399-No AnNico,Kerala,JK,NrthEst",Inactive,21000
"BitDefender 1 Device, 1 Year Total Security Latest Version (Windows / Mac / Android / iOS) - (Email Delivery in 2 hours - No CD)",,0420UF7N34A,BD_EM_TSMD_1U_1Y,525,0,2018-04-20 16:06:53 IST,,y,1,,,11,,,,B07CGNMN8T,,,,,,B07CGNMN8T,,,0,DEFAULT,Digital Delivery Prime,Inactive,1499
"BitDefender 1 Device, 1 Year Total Security Latest Version (Windows / Mac / Android / iOS) - (Email Delivery in 2 hours - No CD)",,0102V1QKJJO,BD_EM_TSMD_1U_1Y (HSN 8523),425,0,2019-01-02 20:36:26 IST,,y,1,,,11,,,,B07CGNMN8T,,,,,,B07CGNMN8T,,,0,DEFAULT,Digital Delivery Prime,Inactive,1499
"BitDefender Total Security Latest Version (Windows / Mac / Android / iOS) - 1 Device, 3 Years (Email Delivery in 2 hours - No CD)",,0420UF7N64M,BD_EM_TSMD_1U_3Y,900,0,2018-04-20 16:06:54 IST,,y,1,,,11,,,,B07CH94H1R,,,,,,B07CH94H1R,,,0,DEFAULT,Digital Delivery Prime,Inactive,2500
"Bitdefender Total Security 25 Devices, 1 Year Family Pack Latest Version (Windows/ Mac/ Android/iOS) (E-mail Delivery within 2 Hours)",,0420UF7MYDG,BD_EM_TSMD_25U_1Y,3500,0,2018-04-20 16:06:50 IST,,y,1,,,11,,,,B07CHG4DZ1,,,,,,B07CHG4DZ1,,,0,DEFAULT,Digital Delivery,Inactive,8000
"Bitdefender Total Security 25 Devices, 2 Years Family Pack Latest Version (Windows/Mac/Android/iOS) (E-mail Delivery within 2 Hours)",,0420UF7N10G,BD_EM_TSMD_25U_2Y,5700,0,2018-04-20 16:06:52 IST,,y,1,,,11,,,,B07CHB8Y7P,,,,,,B07CHB8Y7P,,,0,DEFAULT,Digital Delivery,Inactive,12000
"Bitdefender Total Security 15 Devices, 3 Years Family Pack Latest Version (Windows/Mac/Android/iOS) (E-mail Delivery within 2 Hours)",,0420UF7N3PY,BD_EM_TSMD_25U_3Y,6752,0,2018-04-20 16:06:53 IST,,y,1,,,11,,,,B07CHFMDMR,,,,,,B07CHFMDMR,,,0,DEFAULT,Digital Delivery,Inactive,18000
"BitDefender Total Security Latest Version (Windows / Mac / Android / iOS) - 3 Devices, 3 Years (Email Delivery in 2 hours - No CD)",,0420UF7N9FS,BD_EM_TSMD_3U_3Y,1300,0,2018-04-20 16:06:56 IST,,y,1,,,11,,,,B07CHB5V5M,,,,,,B07CHB5V5M,,,0,DEFAULT,Digital Delivery Prime,Inactive,3950
"BitDefender Antivirus Plus Latest Version - 1 Device, 1 Year (Windows) (Email Delivery in 2 hours- No CD)",,0603VSL3UMC,BD_Em_AV2_1D_1Y,128,0,2019-06-03 20:36:44 IST,,y,1,,,11,,,,B073VJYGYZ,,,,,,B073VJYGYZ,,,0,DEFAULT,Digital Delivery Prime,Inactive,700
"BitDefender Antivirus Plus Latest Version with Ransomware Protection (Windows) - 10 User, 1 Year (Email Delivery in 2 hours - No CD)",,0404U1VZ28M,BD_Em_AVW_10D_1Y,899,0,2018-04-04 19:34:43 IST,,y,1,,,11,,,,B07BB1BNYZ,,,,,,B07BB1BNYZ,,,0,DEFAULT,Digital Delivery,Inactive,2500
"BitDefender Antivirus Plus Latest Version with Ransomware Protection (Windows) - 1 User, 3 Years (Email Delivery in 2 Hours - No CD)",,0404U1VYJSG,BD_Em_AVW_1D_3Y,259,0,2018-04-04 19:34:39 IST,,y,1,,,11,,,,B07B8MLKTP,,,,,,B07B8MLKTP,,,0,DEFAULT,Digital Delivery Prime,Inactive,1400
"BitDefender Antivirus Plus Latest Version with Ransomware Protection (Windows) - 3 User, 1 Year (Email Delivery in 2 hours - No CD)",,0404U1VY3NM,BD_Em_AVW_3D_1Y,375,0,2018-04-04 19:34:35 IST,,y,1,,,11,,,,B07B8M83BW,,,,,,B07B8M83BW,,,0,DEFAULT,Digital Delivery Prime,Inactive,1400
"BitDefender Antivirus Plus Latest Version with Ransomware Protection (Windows) - 3 User, 3 Year (Email Delivery in 2 hours - No CD)",,0404U1VYBCA,BD_Em_AVW_3D_3Y,725,0,2018-04-04 19:34:37 IST,,y,1,,,11,,,,B07B8LWLXT,,,,,,B07B8LWLXT,,,0,DEFAULT,Digital Delivery Prime,Inactive,1999
"BitDefender Antivirus Plus Latest Version with Ransomware Protection (Windows) - 5 User, 3 Year (Email Delivery in 2 hours - No CD)",,0404U1VYS4G,BD_Em_AVW_5D_3Y,925,0,2018-04-04 19:34:41 IST,,y,1,,,11,,,,B07B9YDDD9,,,,,,B07B9YDDD9,,,0,DEFAULT,Digital Delivery,Inactive,2500
"BitDefender Antivirus Plus Latest Version with Ransomware Protection (Windows) - 1 User, 1 Year (Email Delivery in 2 hours - No CD)",,0404U1VXW3Y,BD_Em_AV_1D_1Y,128,0,2018-04-04 19:34:33 IST,,y,1,,,11,,,,B073VLNGJZ,,,,,,B073VLNGJZ,,,0,DEFAULT,Digital Delivery Prime,Inactive,799
"BitDefender Antivirus For Mac Latest Version with Ransomware Protection - 1 User, 1 Year (Email Delivery in 2 hours - No CD)",,0404U1VZ09S,BD_Em_AV_Mac_1D_1Y,500,0,2018-04-04 19:34:43 IST,,y,1,,,11,,,,B073VL9SQC,,,,,,B073VL9SQC,,,0,DEFAULT,Digital Delivery Prime,Inactive,1500
"BitDefender Family Pack with Ransomware Protection - 5 Devices, 1 Year (Email Delivery in 2 hours- No CD)",,0404U1VY3RS,BD_Em_FP_5D_1Y,525,0,2018-04-04 19:34:35 IST,,y,1,,,11,,,,B073VLGMZ9,,,,,,B073VLGMZ9,,,0,DEFAULT,Digital Delivery Prime,Inactive,2500
"BitDefender Family Pack with Ransomware Protection - 5 Devices, 1 Year (Email Delivery in 2 hours- No CD)",,0102V1Q6W34,BD_Em_FP_5D_1Y (HSN 8523),894,0,2019-01-02 20:39:07 IST,,y,1,,,11,,,,B073VLGMZ9,,,,,,B073VLGMZ9,,,0,DEFAULT,Digital Delivery Prime,Inactive,2500
"BitDefender Internet Security Latest Version with Ransomware Protection (Windows) - 10 User, 1 Year (Email Delivery in 2 hours - No CD)",,0404U1VXCES,BD_Em_ISW_10D_1Y,1099,0,2018-04-04 19:34:26 IST,,y,1,,,11,,,,B07B94WRT2,,,,,,B07B94WRT2,,,0,DEFAULT,Digital Delivery,Inactive,2500
"BitDefender Internet Security Latest Version with Ransomware Protection (Windows) - 10 User, 3 Years (Email Delivery in 2 hours - No CD)",,0404U1VX7I4,BD_Em_ISW_10D_3Y,2475,0,2018-04-04 19:34:24 IST,,y,1,,,11,,,,B07B94T1TC,,,,,,B07B94T1TC,,,0,DEFAULT,Digital Delivery,Inactive,6500
"BitDefender Internet Security - 1 PC, 1 Year",,0404U1VWL2M,BD_Em_IS_1PC_1Y,195,0,2018-04-04 19:34:15 IST,,y,1,,,11,,,,B073VLNGJY,,,,,,B073VLNGJY,,,0,DEFAULT,Digital Delivery Prime,Inactive,999
"BitDefender Internet Security - 1 PC, 1 Year",,0111VHWS24F,BD_Em_IS_1PC_1Y (HSN 8523),229,0,2019-01-11 16:40:11 IST,,y,1,,,11,,,,B073VLNGJY,,,,,,B073VLNGJY,,,0,DEFAULT,Digital Delivery,Inactive,999
"BitDefender Internet Security - 1 User, 3 Years Windows",,0404U1VWQ2M,BD_Em_IS_1U_3Y,465,0,2018-04-04 19:34:17 IST,,y,1,,,11,,,,B073VJVSCD,,,,,,B073VJVSCD,,,0,DEFAULT,Digital Delivery Prime,Inactive,1500
"BitDefender Internet Security Latest Version with Ransomware Protection (Windows) - 3 User, 1 Year (Email Delivery in 2 hours - No CD)",,0404U1VWVJA,BD_Em_IS_3C_1Y,475,0,2018-04-04 19:34:19 IST,,y,1,,,11,,,,B073VKKNNK,,,,,,B073VKKNNK,,,0,DEFAULT,Digital Delivery Prime,Inactive,2500
"BitDefender Internet Security Latest Version with Ransomware Protection (Windows) - 3 User, 3 Years (Email Delivery in 2 hours - No CD)",,0404U1VX1BM,BD_Em_IS_3U_3Y,899,0,2018-04-04 19:34:21 IST,,y,1,,,11,,,,B073VL1XMD,,,,,,B073VL1XMD,,,0,DEFAULT,Digital Delivery Prime,Inactive,2500
"BitDefender Total Security Latest Version with Ransomware Protection (Windows) - 1 User, 1 Year (Email Delivery in 2 hours - No CD)",,0409UPNRATA,BD_Em_TS2_1U1Y,390,0,2018-04-09 14:01:12 IST,,y,1,,,11,,,,B073VJVSCC,,,,,,B073VJVSCC,,,0,DEFAULT,Digital Delivery Prime,Inactive,650
"BitDefender Total Security Latest Version with Ransomware Protection (Windows / Mac / Android / iOS) - 10 User, 1 Year (Email Delivery in 2 hours - No CD)",,0404U1VYNJG,BD_Em_TSMD_10D1Y,1750,0,2018-04-04 19:34:40 IST,,y,1,,,11,,,,B07BMWMC6T,,,,,,B07BMWMC6T,,,0,DEFAULT,Digital Delivery,Inactive,3500
"BitDefender Total Security Latest Version with Ransomware Protection (Windows / Mac / Android / iOS) - 10 User, 3 Years (Email Delivery in 2 hours - No CD)",,0404U1VYTKY,BD_Em_TSMD_10D3Y,4400,0,2018-04-04 19:34:42 IST,,y,1,,,11,,,,B07C8HTQNX,,,,,,B07C8HTQNX,,,0,DEFAULT,Digital Delivery,Inactive,6500
"BitDefender Total Security Latest Version with Ransomware Protection (Windows / Mac / Android / iOS) - 5 User, 1 Year (Email Delivery in 2 hours - No CD)",,0404U1VYAMG,BD_Em_TSMD_5D1Y,925,0,2018-04-04 19:34:37 IST,,y,1,,,11,,,,B07BMWRJNR,,,,,,B07BMWRJNR,,,0,DEFAULT,Digital Delivery Prime,Inactive,2500
"BitDefender Total Security Latest Version with Ransomware Protection (Windows / Mac / Android / iOS) - 5 User, 1 Year (Email Delivery in 2 hours - No CD)",,0102V1RIQHE,BD_Em_TSMD_5D1Y (HSN 8523),925,0,2019-01-02 20:43:32 IST,,y,1,,,11,,,,B07BMWRJNR,,,,,,B07BMWRJNR,,,0,DEFAULT,Digital Delivery,Inactive,2500
"BitDefender Total Security Latest Version with Ransomware Protection (Windows / Mac / Android / iOS) - 5 User, 3 Years (Email Delivery in 2 hours - No CD)",,0404U1VYGTS,BD_Em_TSMD_5D3Y,1975,0,2018-04-04 19:34:39 IST,,y,1,,,11,,,,B07BMWRFTT,,,,,,B07BMWRFTT,,,0,DEFAULT,Digital Delivery,Inactive,3500
"BitDefender Total Security for Mobile Latest Version (Android) - 1 Device, 1 Year (Email Delivery in 2 hours - No CD)",,0404U1VXIMY,BD_Em_TSM_1D_1Y,99,0,2018-04-04 19:34:28 IST,,y,1,,,11,,,,B07B9YYLGG,,,,,,B07B9YYLGG,,,0,DEFAULT,Digital Delivery Prime,Inactive,399
"BitDefender Total Security Latest Version with Ransomware Protection (Windows) - 10 User, 1 Year (Email Delivery in 2 hours - No CD)",,0404U1VXA0Y,BD_Em_TSW_10D_1Y,2000,0,2018-04-04 19:34:25 IST,,y,1,,,11,,,,B07B8L6QLK,,,,,,B07B8L6QLK,,,0,DEFAULT,Digital Delivery,Inactive,7000
"BitDefender Total Security Latest Version with Ransomware Protection (Windows) - 10 User, 3 Years (Email Delivery in 2 hours - No CD)",,0404U1VXF2M,BD_Em_TSW_10D_3Y,4150,0,2018-04-04 19:34:27 IST,,y,1,,,11,,,,B07B8NXJR4,,,,,,B07B8NXJR4,,,0,DEFAULT,Digital Delivery,Inactive,14000
"BitDefender 3 User, 3 Years Total Security (Windows) Latest Version with Ransomware Protection - (Email Delivery in 2 hours - No CD)",,0404U1VX0WM,BD_Em_TSW_3D_3Y,1049,0,2018-04-04 19:34:22 IST,,y,1,,,11,,,,B07B8NHL2S,,,,,,B07B8NHL2S,,,0,DEFAULT,Digital Delivery,Inactive,2500
BitDefender Total Security 5 Computer 1 Year Latest Version (Windows) (Email Delivery in 2 hours- No CD),,0404U1VX54A,BD_Em_TSW_5D_1Y,525,0,2018-04-04 19:34:24 IST,,y,1,,,11,,,,B07B8LRP1G,,,,,,B07B8LRP1G,,,0,DEFAULT,Digital Delivery Prime,Inactive,2500
"BitDefender Total Security Latest Version with Ransomware Protection (Windows) - 5 User, 3 Years (Email Delivery in 2 hours - No CD)",,0404U1VXK7M,BD_Em_TSW_5D_3Y,1750,0,2018-04-04 19:34:29 IST,,y,1,,,11,,,,B07B8M8BDZ,,,,,,B07B8M8BDZ,,,0,DEFAULT,Digital Delivery,Inactive,7999
"BitDefender Total Security Latest Version with Ransomware Protection (Windows / Mac / Android / iOS) - 3 User, 1 Year (Email Delivery in 2 hours - No CD)",,0404U1VXO4G,BD_Em_TS_1D_1Y,500,0,2018-04-04 19:34:31 IST,,y,1,,,11,,,,B073VKTK9D,,,,,,B073VKTK9D,,,0,DEFAULT,Digital Delivery Prime,Inactive,2500
"BitDefender Total Security Latest Version with Ransomware Protection (Windows / Mac / Android / iOS) - 3 User, 1 Year (Email Delivery in 2 hours - No CD)",,0102V1OCJIH,BD_Em_TS_1D_1Y (HSN 8523),500,0,2019-01-02 19:43:04 IST,,y,1,,,11,,,,B073VKTK9D,,,,,,B073VKTK9D,,,0,DEFAULT,Digital Delivery Prime,Inactive,2500
"BitDefender 1 User, 3 Years Total Security (Windows) Latest Version with Ransomware Protection - (Email Delivery in 2 hours - No CD)",,0404U1VXVYY,BD_Em_TS_1U_3Y,749,0,2018-04-04 19:34:33 IST,,y,1,,,11,,,,B073VLNGJW,,,,,,B073VLNGJW,,,0,DEFAULT,Digital Delivery,Inactive,3400
"BitDefender Total Security Latest Version with Ransomware Protection (Windows) - 3 User, 1 Year (Email Delivery in 2 hours - No CD)",,0404U1VWWLM,BD_Em_TS_3U_1Y,500,0,2018-04-04 19:34:19 IST,,y,1,,,11,,,,B073VMC9SB,,,,,,B073VMC9SB,,,0,DEFAULT,Digital Delivery Prime,Inactive,2500
"BitDefender Total Security Latest Version with Ransomware Protection (Windows) - 3 User, 1 Year (Email Delivery in 2 hours - No CD)",,0102V1Q74BV,BD_Em_TS_3U_1Y (HSN 8523),500,0,2019-01-02 20:48:14 IST,,y,1,,,11,,,,B073VMC9SB,,,,,,B073VMC9SB,,,0,DEFAULT,Digital Delivery,Inactive,2500
"ESET Business Security - 5 users, 1 year (Email Delivery in 2 hours- No CD)",,0513XOZFDGV,ESET_BIZSEC_5U_1Y,5000,0,2020-05-14 00:18:29 IST,,y,1,,,11,,,,B07BZ5SSM6,,,,,,B07BZ5SSM6,,,0,DEFAULT,Digital Delivery Prime,Inactive,10000
"Eset Smart Security Premium - 1 User, 3 Years (Email Delivery in 2 hours- No CD)",,1120XYMEZ3Y,ESET_SSP_1U_3Y,1000,0,2020-11-20 11:58:52 IST,,y,1,,,11,,,,B079KPFHC4,,,,,,B079KPFHC4,,,0,DEFAULT,Digital Delivery Prime,Inactive,2599
"Eset Multi Device Security - 5 Devices, 1 Year (Email Delivery in 2 Hours - No CD)",,0803XLNPSTE,ESET_SS_5U_1Y,1200,0,2020-08-03 20:21:17 IST,,y,1,,,11,,,,B07C7X6DXC,,,,,,B07C7X6DXC,,,0,DEFAULT,Digital Delivery Prime,Inactive,1999
"eScan Antivirus with Cloud Security - 1 User, 1 Year Version 14 (Latest) (Email Delivery in 2 Hours - No CD)",,1116U42PC32,ES_AVCS_1U_1Y,925,0,2018-11-16 20:18:32 IST,,y,1,,,11,,,,B07J5MR3VD,,,,,,B07J5MR3VD,,,0,DEFAULT,Digital Delivery Prime,Inactive,925
"eScan Antivirus with Cloud Security - 1 User, 3 Years Version 14 (Latest) (Email Delivery in 2 Hours - No CD)",,1116U40T5QT,ES_AVCS_1U_3Y,1850,0,2018-11-16 20:18:33 IST,,y,1,,,11,,,,B07J59TMS6,,,,,,B07J59TMS6,,,0,DEFAULT,Digital Delivery,Inactive,1850
"eScan Antivirus with Cloud Security - 2 Users, 3 Years Version 14 (Latest) (Email Delivery in 2 Hours - No CD)",,1118U7W2PKR,ES_AVCS_2U_3Y,2730,0,2018-11-18 15:47:27 IST,,y,1,,,11,,,,B07J59V6NT,,,,,,B07J59V6NT,,,0,DEFAULT,Digital Delivery,Inactive,2730
"eScan Antivirus with Cloud Security - 3 Users, 1 Year Version 14 (Latest) (Email Delivery in 2 Hours - No CD)",,1118U7XDMSQ,ES_AVCS_3U_1Y,1796,0,2018-11-18 15:47:25 IST,,y,1,,,11,,,,B07JVPMV4M,,,,,,B07JVPMV4M,,,0,DEFAULT,Digital Delivery,Inactive,1796
"eScan Antivirus with Cloud Security - 3 Users, 3 Years Version 14 (Latest) (Email Delivery in 2 Hours - No CD)",,1116U40HO0G,ES_AVCS_3U_3Y,3599,0,2018-11-16 20:18:40 IST,,y,1,,,11,,,,B07J5MN6TK,,,,,,B07J5MN6TK,,,0,DEFAULT,Digital Delivery Prime,Inactive,3599
"eScan Antivirus with Cloud Security - 5 Users, 3 Years Latest Version (Email Delivery in 2 Hours - No CD)",,1116U41H6AC,ES_AVCS_5U_3Y,5685,0,2018-11-16 20:18:44 IST,,y,1,,,11,,,,B07J4SXN2W,,,,,,B07J4SXN2W,,,0,DEFAULT,Digital Delivery Prime,Inactive,5685
"eScan Antivirus for Mac - 1 User, 1 Year (Email Delivery in 2 Hours - No CD)",,1118U7W022R,ES_AVMAC_1U_1Y,1500,0,2018-11-18 15:30:17 IST,,y,1,,,11,,,,B07J59TMRD,,,,,,B07J59TMRD,,,0,DEFAULT,Digital Delivery,Inactive,1677
"eScan Antivirus for Mac - 1 User, 3 Years (Email Delivery in 2 Hours - No CD)",,1118U7WOCVK,ES_AVMAC_1U_3Y,2798,0,2018-11-18 15:47:20 IST,,y,1,,,11,,,,B07J5M2CSH,,,,,,B07J5M2CSH,,,0,DEFAULT,Digital Delivery,Inactive,2798
"eScan Antivirus for Mac - 3 Users, 1 Year (Email Delivery in 2 Hours - No CD)",,1118U7WKBZS,ES_AVMAC_3U_1Y,2798,0,2018-11-18 15:47:19 IST,,y,1,,,11,,,,B07J5MTVJY,,,,,,B07J5MTVJY,,,0,DEFAULT,Digital Delivery,Inactive,2798
"eScan Antivirus for Mac - 3 Users, 3 Years (Email Delivery in 2 Hours - No CD)",,1118U7PSRU8,ES_AVMAC_3U_3Y,3917,0,2018-11-18 15:47:21 IST,,y,1,,,11,,,,B07JVPSSJM,,,,,,B07JVPSSJM,,,0,DEFAULT,Digital Delivery,Inactive,3917
"eScan Anti-Virus with Total Protection Version 11 - 1 PC, 3 Years (Email Delivery in 2 Hours - No CD)",,1116U41DM5O,ES_AV_11_1U_3Y,600,0,2018-11-16 20:18:35 IST,,y,1,,,11,,,,B07KCGQM75,,,,,,B07KCGQM75,,,0,DEFAULT,Digital Delivery Prime,Inactive,1190
"eScan Anti-Virus with Total Protection Version 11 - 4 PCs, 1 Year (Email Delivery in 2 Hours - No CD)",,1116U3W7IAG,ES_AV_11_4U_1Y,1300,0,2018-11-16 20:18:40 IST,,y,1,,,11,,,,B07KCKHXTC,,,,,,B07KCKHXTC,,,0,DEFAULT,Digital Delivery,Inactive,1300
"eScan Anti-virus with Total Protection Version 11 - 4 PCs, 3 Years (Email Delivery in 2 Hours - No CD)",,1116U41AHM4,ES_AV_11_4U_3Y,2600,0,2018-11-16 20:18:41 IST,,y,1,,,11,,,,B07KCJR5CC,,,,,,B07KCJR5CC,,,0,DEFAULT,Digital Delivery Prime,Inactive,2600
"eScan Anti-Virus with Total Protection Version 11 - 1 PC, 3 Years (Email Delivery in 2 Hours - No CD)",,0829U91FVDI,ES_AV_V11_1U_3Y,10000,0,2018-08-29 21:01:02 IST,,y,1,,,11,,,,B07FN8GL88,,,,,,B07FN8GL88,,,0,DEFAULT,Digital Delivery Prime,Inactive,10000
"eScan Anti-Virus with Total Protection Version 11 - 4 PCs, 1 Year (Email Delivery in 2 Hours - No CD)",,0829U90Y6NJ,ES_AV_V11_4U_1Y,10000,0,2018-08-29 20:59:32 IST,,y,1,,,11,,,,B07FN2JNL7,,,,,,B07FN2JNL7,,,0,DEFAULT,Digital Delivery,Inactive,10000
"eScan Anti-Virus with Total Protection Version 11 - 4 PCs, 3 Years (Email Delivery in 2 Hours - No CD)",,0829U91YYZV,ES_AV_V11_4U_3Y,10000,0,2018-08-29 20:59:34 IST,,y,1,,,11,,,,B07FNGLK3Y,,,,,,B07FNGLK3Y,,,0,DEFAULT,Digital Delivery,Inactive,10000
"eScan Internet Security Suite with Cloud Security - 1 User, 1 Year Version 14 (Latest) (Email Delivery in 2 Hours - No CD)",,1118U7WGY0T,ES_ISSCS_1U_1Y,1426,0,2018-11-18 15:47:27 IST,,y,1,,,11,,,,B07J5RR8R5,,,,,,B07J5RR8R5,,,0,DEFAULT,Digital Delivery Prime,Inactive,1426
"eScan Internet Security Suite Version 11 - 3 Users, 1 Year Latest Version (Email Delivery in 2 Hours - No CD)",,1118U7TYBBY,ES_ISSCS_3U_1Y,2595,0,2018-11-18 15:47:25 IST,,y,1,,,11,,,,B07J59TK41,,,,,,B07J59TK41,,,0,DEFAULT,Digital Delivery Prime,Inactive,2595
"eScan Internet Security Suite with Cloud Security - 5 Users, 1 Year Latest Version (Email Delivery in 2 Hours - No CD)",,1116U41Q9G7,ES_ISSCS_5U_1Y,4035,0,2018-11-16 20:18:45 IST,,y,1,,,11,,,,B07JVPM93Y,,,,,,B07JVPM93Y,,,0,DEFAULT,Digital Delivery,Inactive,4035
"eScan Internet Security Suite Version 11 - 1 PC, 3 Years (Email Delivery in 2 Hours - No CD)",,1116U40RHZ1,ES_ISS_11_1U_3Y,1550,0,2018-11-16 20:18:42 IST,,y,1,,,11,,,,B07KCFRHD4,,,,,,B07KCFRHD4,,,0,DEFAULT,Digital Delivery,Inactive,1550
"eScan Internet Security Suite Version 11 - 3 PCs, 1 Year (Email Delivery in 2 Hours - No CD)",,1116U41LD8P,ES_ISS_11_3U_1Y,1675,0,2018-11-16 20:18:44 IST,,y,1,,,11,,,,B07KCF6JH4,,,,,,B07KCF6JH4,,,0,DEFAULT,Digital Delivery,Inactive,1675
"eScan Internet Security Suite Version 11 - 4 PCs, 3 Years (Email Delivery in 2 Hours - No CD)",,1116U41L8SF,ES_ISS_11_4U_3Y,3500,0,2018-11-16 20:18:39 IST,,y,1,,,11,,,,B07KCGQM74,,,,,,B07KCGQM74,,,0,DEFAULT,Digital Delivery,Inactive,3950
"eScan Internet Security Suite Version 11 - 5 PCs, 1 Year (Email Delivery in 2 Hours - No CD)",,1116U3R15LN,ES_ISS_11_5U_1Y,2515,0,2018-11-16 20:18:45 IST,,y,1,,,11,,,,B07KCFDJYC,,,,,,B07KCFDJYC,,,0,DEFAULT,Digital Delivery,Inactive,2515
"eScan Internet Security Suite with Cloud Security - 1 User, 3 Years Version 14 (Latest) (Email Delivery in 2 Hours - No CD)",,1118U7V2MR4,ES_ISS_1U_3Y,2850,0,2018-11-18 15:47:29 IST,,y,1,,,11,,,,B07J4SVHZH,,,,,,B07J4SVHZH,,,0,DEFAULT,Digital Delivery Prime,Inactive,2850
"eScan Internet Security Suite with Cloud Security - 2 Users, 1 Year Version 14 (Latest) (Email Delivery in 2 Hours - No CD)",,1118U7XNZ8I,ES_ISS_2U_1Y,2000,0,2018-11-18 15:47:28 IST,,y,1,,,11,,,,B07J5RL4VN,,,,,,B07J5RL4VN,,,0,DEFAULT,Digital Delivery,Inactive,2000
"eScan Internet Security Suite with Cloud Security - 2 Users, 3 Years Version 14 (Latest) (Email Delivery in 2 Hours - No CD)",,1118U7UHXD4,ES_ISS_2U_3Y,3998,0,2018-11-18 15:47:31 IST,,y,1,,,11,,,,B07JVPWP13,,,,,,B07JVPWP13,,,0,DEFAULT,Digital Delivery,Inactive,3998
"eScan Internet Security Suite with Cloud Security - 3 Users, 3 Years Version 14 (Latest) (Email Delivery in 2 Hours - No CD)",,1118U7XQE5V,ES_ISS_3U_3Y,5190,0,2018-11-18 15:47:19 IST,,y,1,,,11,,,,B07J5MR3TR,,,,,,B07J5MR3TR,,,0,DEFAULT,Digital Delivery,Inactive,5190
"eScan Internet Security Suite with Cloud Security - 5 Users, 3 Years Version 14 (Latest) (Email Delivery in 2 Hours - No CD)",,1116U3ZETWY,ES_ISS_CS_5U_3Y,8070,0,2018-11-16 20:18:36 IST,,y,1,,,11,,,,B07J5MTS43,,,,,,B07J5MTS43,,,0,DEFAULT,Digital Delivery Prime,Inactive,8070
"eScan Internet Security Suite Version 11 - 1 PC, 1 Year (Email Delivery in 2 Hours - No CD)",,0829U92JJWY,ES_ISS_V11_1U_1Y,1500,0,2018-08-29 21:14:26 IST,,y,1,,,11,,,,B07FNGWMXJ,,,,,,B07FNGWMXJ,,,0,DEFAULT,Digital Delivery,Inactive,10000
"eScan Internet Security Suite Version 14 - 4 PCs, 1 Year (Email Delivery in 2 Hours - No CD)",,0829U935SD9,ES_ISS_V14_4U_1Y,10000,0,2018-08-29 20:59:30 IST,,y,1,,,11,,,,B07FN2M6N6,,,,,,B07FN2M6N6,,,0,DEFAULT,Digital Delivery,Inactive,10000
"eScan Internet Security Version 11 - 1 User, 3 Years (Email Delivery in 2 Hours - No CD)",,1116U3ZR0GS,ES_IS_V11_1U_3Y,1100,0,2018-11-16 20:18:34 IST,,y,1,,,11,,,,B07J5RF6GN,,,,,,B07J5RF6GN,,,0,DEFAULT,Digital Delivery Prime,Inactive,1150
"eScan Mobile Security for Android - 1 User, 1 Year Latest Version (Email Delivery in 2 Hours - No CD)",,1118U7RRMG6,ES_MSANDROID_1U_1Y,649,0,2018-11-18 15:47:23 IST,,y,1,,,11,,,,B07J4T1XBV,,,,,,B07J4T1XBV,,,0,DEFAULT,Digital Delivery,Inactive,649
"eScan Mobile Security for Android - 1 User, 3 Years Latest Version (Email Delivery in 2 Hours - No CD)",,1118U7W1EWO,ES_MSANDROID_1U_3Y,999,0,2018-11-18 15:47:24 IST,,y,1,,,11,,,,B07J5RL4VC,,,,,,B07J5RL4VC,,,0,DEFAULT,Digital Delivery Prime,Inactive,999
"eScan Total Security Suite with Cloud Security - 3 Users, 3 Years (Email Delivery in 2 Hours - No CD)",,1118U7WPSFO,ES_TSCS_3U_3Y,6950,0,2018-11-18 15:47:29 IST,,y,1,,,11,,,,B07J5MN6TB,,,,,,B07J5MN6TB,,,0,DEFAULT,Digital Delivery,Inactive,6950
"eScan Total Security Suite with Cloud Security - 1 User, 2 Years Latest Version (Email Delivery in 2 Hours - No CD)",,1118U7VXRF4,ES_TSSCS_1U_2Y,3080,0,2018-11-18 15:47:20 IST,,y,1,,,11,,,,B07J4T1XC8,,,,,,B07J4T1XC8,,,0,DEFAULT,Digital Delivery Prime,Inactive,3080
"eScan Total Security Suite with Cloud Security - 1 User, 3 Years (Email Delivery in 2 Hours - No CD)",,1116U44K8F1,ES_TSSCS_1U_3Y,3850,0,2018-11-16 20:18:38 IST,,y,1,,,11,,,,B07JVP48VC,,,,,,B07JVP48VC,,,0,DEFAULT,Digital Delivery Prime,Inactive,3850
"eScan Total Security Suite with Cloud Security - 2 Users, 3 Years (Email Delivery in 2 Hours - No CD)",,1116U424YOR,ES_TSSCS_2U_3Y,5400,0,2018-11-16 20:18:34 IST,,y,1,,,11,,,,B07J4SXS95,,,,,,B07J4SXS95,,,0,DEFAULT,Digital Delivery,Inactive,5400
"eScan Total Security Suite with Cloud Security - 3 Users, 1 Year (Email Delivery in 2 Hours - No CD)",,1118U7VOJ0E,ES_TSSCS_3U_1Y,3475,0,2018-11-18 15:47:26 IST,,y,1,,,11,,,,B07J5MR6TB,,,,,,B07J5MR6TB,,,0,DEFAULT,Digital Delivery Prime,Inactive,3475
"eScan Total Security Suite with Cloud Security - 5 Users, 1 Year (Email Delivery in 2 Hours - No CD)",,1116U41GP1M,ES_TSSCS_5U_1Y,5325,0,2018-11-16 20:18:37 IST,,y,1,,,11,,,,B07J4SXNQ3,,,,,,B07J4SXNQ3,,,0,DEFAULT,Digital Delivery,Inactive,5325
"eScan Total Security Suite with Cloud Security - 5 Users, 3 Years (Email Delivery in 2 Hours - No CD)",,1116U3ZU8JV,ES_TSSCS_5U_3Y,10650,0,2018-11-16 20:18:47 IST,,y,1,,,11,,,,B07J59TMSC,,,,,,B07J59TMSC,,,0,DEFAULT,Digital Delivery Prime,Inactive,10650
"eScan Universal Security Suite (Multi Device: Windows / Mac / iOS / Android / Linux) - 3 Devices, 1 Year (Email Delivery in 2 Hours - No CD)",,1118U7TWPGH,ES_USS_3D_1Y,3035,0,2018-11-18 15:47:22 IST,,y,1,,,11,,,,B07J5MTTLN,,,,,,B07J5MTTLN,,,0,DEFAULT,Digital Delivery Prime,Inactive,3035
"eScan Universal Security Suite (Multi Device: Windows / Mac / iOS / Android / Linux) - 3 Devices, 3 Years (Email Delivery in 2 Hours - No CD)",,1116U411HDO,ES_USS_3U_3Y,6070,0,2018-11-16 20:18:41 IST,,y,1,,,11,,,,B07J5RN8CT,,,,,,B07J5RN8CT,,,0,DEFAULT,Digital Delivery,Inactive,6070
"eScan Universal Security Suite (Multi Device: Windows / Mac / iOS / Android / Linux) - 5 Devices, 3 Years (Email Delivery in 2 Hours - No CD)",,1118U7W9PQM,ES_USS_5D_3Y,9360,0,2018-11-18 15:47:23 IST,,y,1,,,11,,,,B07J5MTVKQ,,,,,,B07J5MTVKQ,,,0,DEFAULT,Digital Delivery Prime,Inactive,9360
"eScan Universal Security Suite (Multi Device: Windows / Mac / iOS / Android / Linux) - 5 Devices, 1 Year (Email Delivery in 2 Hours - No CD)",,1116U40X9AI,ES_USS_5U_1Y,4680,0,2018-11-16 20:18:43 IST,,y,1,,,11,,,,B07J5MTMSL,,,,,,B07J5MTMSL,,,0,DEFAULT,Digital Delivery,Inactive,4680
"McAfee Antivirus - 1 User, 3 Years (Email Delivery in 2 hours- No CD)",,0728X4Q4NIW,Em_MF_AV2_1U_3Y,650,0,2020-07-28 13:18:00 IST,,y,1,,,11,,,,B07895T7B1,,,,,,B07895T7B1,,,0,DEFAULT,Digital Delivery,Inactive,999
"McAfee Internet Security (Windows / Mac / Android / iOS) - 1 User, 3 Years (Email Delivery in 2 hours- No CD)",,0728X4S0V9D,Em_MF_IS2_1U_3Y,1100,0,2020-07-28 13:19:28 IST,,y,1,,,11,,,,B073VJYG4T,,,,,,B073VJYG4T,,,0,DEFAULT,Digital Delivery,Inactive,1799
"McAfee Total Protection (Windows / Mac / Android / iOS) - 1 User, 3 Years (Email Delivery in 2 hours- No CD)",,1024XL55RUX,Em_MF_TP2_1U_3Y,1599,0,2020-10-24 12:17:46 IST,,y,1,,,11,,,,B073VLGMZ4,,,,,,B073VLGMZ4,,,0,DEFAULT,Digital Delivery Prime,Inactive,2999
"K7 Anti-Virus - 1 PC, 1 Year (Activation Key) (Email Delivery in 2 hours- No CD) [license]",,0513VL8RBOB,K7_EM_AV2_1U_1Y,250,0,2019-05-13 16:44:30 IST,,y,1,,,11,,,,B07MK9N9SK,,,,,,B07MK9N9SK,,,0,DEFAULT,Digital Delivery,Inactive,699
"K7 Antivirus Premium- 1 User, 1 Year (Email Delivery in 2 hours - No CD)",,0511XHWDENR,K7_EM_AV3_1U_1Y,600,0,2020-05-11 19:03:47 IST,,y,1,,,11,,,,B082L13F3H,,,,,,B082L13F3H,,,0,DEFAULT,Digital Delivery Prime,Inactive,699
"K7 Antivirus Premium- 1 User, 1 Year (Email Delivery in 2 hours - No CD)",,0417U00VKLA,K7_EM_AV_1U_1Y,609,0,2018-04-17 20:25:37 IST,,y,1,,,11,,,,B07C24N3MB,,,,,,B07C24N3MB,,,0,DEFAULT,Digital Delivery Prime,Inactive,699
"K7 Internet Security - 3 User (3 Keys), 1 Year (Email Delivery in 2 Hours - No CD)",,0320VUHSGTP,K7_EM_IS_3U_1Y,320,0,2019-03-20 18:46:04 IST,,y,1,,,11,,,,B07PQZJ6Y8,,,,,,B07PQZJ6Y8,,,0,DEFAULT,Digital Delivery,Inactive,2000
"K7 Total Security Latest Version - 3 PC's, 1 Year (Email Delivery in 2 hours - No CD)",,1116U42M4WX,K7_EM_TS2_3U_1Y,1970,0,2018-11-16 20:18:46 IST,,y,1,,,11,,,,B07KCDBL3Q,,,,,,B07KCDBL3Q,,,0,DEFAULT,Digital Delivery Prime,Inactive,3800
"K7 Total Security - 1 PC's, 1 Year (Email Delivery in 2 hours - No CD) [license]",,0627XWHQXCV,K7_EM_TS4_1U_1Y,425,0,2020-06-27 22:49:05 IST,,y,1,,,11,,,,B082KJW71H,,,,,,B082KJW71H,,,0,DEFAULT,Digital Delivery Prime,Inactive,1299
"K7 Total Security - 10 PC's, 1 Year- 1 Key for 10 devices (Email Delivery in 2 hours - No CD)",,0417U00VOXY,K7_EM_TS_10U_1Y,2100,0,2018-04-17 20:25:41 IST,,y,1,,,11,,,,B07CBWJRFV,,,,,,B07CBWJRFV,,,0,DEFAULT,Digital Delivery,Inactive,9999
K7 Total Security - 10 PC's 3 Years (Email Delivery in 2 hours - No CD),,0417U00VL1Y,K7_EM_TS_10U_3Y,8000,0,2018-04-17 20:25:38 IST,,y,1,,,11,,,,B07C24TYBF,,,,,,B07C24TYBF,,,0,DEFAULT,Digital Delivery,Inactive,19999
"K7 Total Security - 1 PC's, 1 Year (Email Delivery in 2 hours - No CD)",,0417U00VIKS,K7_EM_TS_1U_1Y,1130,0,2018-04-17 20:25:35 IST,,y,1,,,11,,,,B07CBWJSVS,,,,,,B07CBWJSVS,,,0,DEFAULT,Digital Delivery Prime,Inactive,1200
"K7 Total Security - 1 PC's, 3 Years (Email Delivery in 2 hours - No CD)",,0417U00VR3G,K7_EM_TS_1U_3Y,1970,0,2018-04-17 20:25:43 IST,,y,1,,,11,,,,B07CBWJHJZ,,,,,,B07CBWJHJZ,,,0,DEFAULT,Digital Delivery Prime,Inactive,2999
"K7 Total Security - 3 PC's, 1 Year (Email Delivery in 2 hours - No CD)",,0417U00VMTA,K7_EM_TS_3U_1Y,1200,0,2018-04-17 20:25:39 IST,,y,1,,,11,,,,B07C27G462,,,,,,B07C27G462,,,0,DEFAULT,Digital Delivery Prime,Inactive,3800
"K7 Total Security - 3 Users, 3 Years (Email Delivery in 2 hours - No CD) [license,registration_code]",,0417U00VJ0M,K7_EM_TS_3U_3Y,2425,0,2018-04-17 20:25:35 IST,,y,1,,,11,,,,B07C1RLF8J,,,,,,B07C1RLF8J,,,0,DEFAULT,Digital Delivery Prime,Inactive,8999
"K7 Total Security Latest Version 5 PC 1 Year 1 Key (Email Delivery in 2 Hours - No CD) [license,registration_code]",,0811UBTMAYJ,K7_EM_TS_5U_1Y,2190,0,2018-08-11 11:37:48 IST,,y,1,,,11,,,,B07G8F235V,,,,,,B07G8F235V,,,0,DEFAULT,Digital Delivery Prime,Inactive,4000
"Kaspersky VPN Secure Connection - 5 Devices, 1 Year (Code emailed in 2 Hours - No CD)",,0513XP1ECJI,KAS_VPN_5D_1Year,1499,0,2020-05-14 01:51:08 IST,,y,1,,,11,,,,B088GD41DY,,,,,,B088GD41DY,,,0,DEFAULT,Digital Delivery Prime,Inactive,1999
"Kaspersky Anti-Virus 2020 Latest Version - 1 PC, 3 Years (CodeEmailed in 2 hours - No CD)",,0615XZ90E4V,KAV_1U_1Y_2020,181,0,2020-06-15 21:14:12 IST,,y,1,,,11,,,,B08B1WY3T1,,,,,,B08B1WY3T1,,,0,DEFAULT,Digital Delivery Prime,Inactive,599
"Kaspersky Antivirus - 3 PCs, 1 Year (Single Key) (Code emailed in 2 Hours - No CD)",,0316XPAOO6C,KAV_3U_1Y,500,0,2020-03-16 18:47:17 IST,,y,1,,,11,,,,B07WCQN7FS,,,,,,B07WCQN7FS,,,0,DEFAULT,Digital Delivery Prime,Inactive,1500
"Kaspersky Anti-Virus 2020 Latest Version - 2 Users, 2 Years (Single Key) (Code Emailed in 2 hours - No CD)",,0615XZ9HYR2,KAV_3U_1Y_2020,500,0,2020-06-15 21:15:13 IST,,y,1,,,11,,,,B08B1Y6VJ2,,,,,,B08B1Y6VJ2,,,0,DEFAULT,Digital Delivery Prime,Inactive,1500
"Kaspersky Anti-Virus 2020 Latest Version - 3 PC, 1 Year (Code emailed in 2 Hours - No CD)",,0615XZ6JQZQ,KAV_3U_1Y_3m,600,0,2020-06-15 21:03:43 IST,,y,1,,,11,,,,B08B1RS45K,,,,,,B08B1RS45K,,,0,DEFAULT,Digital Delivery Prime,Inactive,1600
"Kaspersky internet Security Latest Version- Multi-Device- 5 PCs, 1 Year (Code emailed in 2 Hours - No CD)",,0224X9VF46D,KIS_ 5U_1Y,1405,0,2020-02-24 19:21:42 IST,,y,1,,,11,,,,B073VJYH6Z,,,,,,B073VJYH6Z,,,0,DEFAULT,Digital Delivery Prime,Inactive,1999
"Kaspersky Internet Security 2020 Latest Version - 3 PCs, 3 Years (Code Emailed in 2 hours - No CD)",,0615XZ97TB8,KIS_1U_1Y_2020,300,0,2020-06-15 21:05:42 IST,,y,1,,,11,,,,B08B1WYRH2,,,,,,B08B1WYRH2,,,0,DEFAULT,Digital Delivery Prime,Inactive,899
"Kaspersky Internet Security 2020 Latest Version - 2 Users, 2 Years (Single Key) (Code emailed in 2 Hours - No CD)",,0224X9VODQW,KIS_2U_2Y,999,0,2020-02-24 19:21:42 IST,,y,1,,,11,,,,B07CPZVCTY,,,,,,B07CPZVCTY,,,0,DEFAULT,Digital Delivery Prime,Inactive,2299
"Kaspersky Internet Security 2020 Latest Version - 2 Users, 1Year (Single Key) (Code Emailed in 2 hours - No CD)",,0615XZ7XI9A,KIS_3U_1Y_2020,925,0,2020-06-15 21:12:19 IST,,y,1,,,11,,,,B08B1WQ21S,,,,,,B08B1WQ21S,,,0,DEFAULT,Digital Delivery Prime,Inactive,2099
"Kaspersky Internet Security 2020 Latest Version - 3 PC, 1 Year(Code emailed in 2 Hours - No CD)",,0615XZ4YPK2,KIS_3U_1Y_3m,750,0,2020-06-15 21:00:58 IST,,y,1,,,11,,,,B08B1SR74T,,,,,,B08B1SR74T,,,0,DEFAULT,Digital Delivery Prime,Inactive,2299
"Kaspersky Internet Security 2020 Latest Version - 3 PCs, 3 Years (Code emailed in 2 Hours - No CD)",,0224X9UF2PR,KIS_3U_3Y,1949,0,2020-02-24 19:21:42 IST,,y,1,,,11,,,,B073VKKNNB,,,,,,B073VKKNNB,,,0,DEFAULT,Digital Delivery Prime,Inactive,2599
"Kaspersky Security Cloud - Personal South, 3 Device, 1 Account KPM, 1 Year - Download Pack (Code emailed in 2 Hours - No CD)",,0224X9VYIDF,KSC_3U_1Y,4999,0,2020-02-24 19:21:42 IST,,y,1,,,11,,,,B07H5G9B7R,,,,,,B07H5G9B7R,,,0,DEFAULT,Digital Delivery Prime,Inactive,4999
"Kaspersky Safe Kids - 1 User, 1 Year - Download Pack (Email Delivery in 2 Hours - No CD) [license,registration_code]",,0501XTBHYBN,KSF_1U_1Y,399,0,2020-05-01 18:35:38 IST,,y,1,,,11,,,,B07H5KLJ3W,,,,,,B07H5KLJ3W,,,0,DEFAULT,Digital Delivery Prime,Inactive,999
"Kaspersky Total Security 10-Device, 3-Account KPM, 1-Account KSK 1 year (Single Key) (Code emailed in 2 Hours - No CD)",,0224X9UL18R,KTS_10U_1Y,2799,0,2020-02-24 19:21:42 IST,,y,1,,,11,,,,B07HTQWN86,,,,,,B07HTQWN86,,,0,DEFAULT,Digital Delivery Prime,Inactive,9599
"Kaspersky Anti-Virus 2020 Latest Version - 3 PCs, 3 Years (CodeEmailed in 2 hours - No CD)",,0702X9XEWCD,KTS_1U_1Y_2020,500,0,2020-07-02 21:07:20 IST,,y,1,,,11,,,,B08B43W7QJ,,,,,,B08B43W7QJ,,,0,DEFAULT,Digital Delivery Prime,Inactive,999
"Kaspersky Internet Security 2020 Latest Version - 2 Users, 2Years (Single Key) (Code Emailed in 2 hours - No CD)",,0615XZ8KGNH,KTS_2U_1Y_2020,650,0,2020-06-15 21:04:49 IST,,y,1,,,11,,,,B08B1WSSQ4,,,,,,B08B1WSSQ4,,,0,DEFAULT,Digital Delivery Prime,Inactive,2999
"Kaspersky Total Security 2020 Latest Version - 2 Users, 1 Year(Code emailed in 2 Hours - No CD)",,0615XZ99O73,KTS_2U_1Y_3m,950,0,2020-06-15 20:58:23 IST,,y,1,,,11,,,,B08B1S7DRN,,,,,,B08B1S7DRN,,,0,DEFAULT,Digital Delivery Prime,Inactive,3299
"Kaspersky Total Security Latest Version- 1 User, 1 Year (Code emailed in 2 Hours - No CD)",,0921XUVP51M,KZ-9PIE-YIJR,474,0,2020-09-21 20:40:52 IST,,y,1,,,11,,,,B073VKKNN9,,,,,,B073VKKNN9,,,0,DEFAULT,Digital Delivery Prime,Inactive,999
"Microsoft Office 365 Personal for 1 Windows/Mac- 1 User, 1 Year (Email Delivery in 2 hours - No CD)",,0307U76TAM4,MS 365 1U 1Y DC,3499,0,2018-03-07 12:24:30 IST,,y,1,,,11,,,,B07B8RC4KV,,,,,,B07B8RC4KV,,,0,DEFAULT,Digital Delivery,Inactive,4199
"Microsoft Office 365 Home for 6 people (PCs/Macs, Tablets, Phones )for 12 month/1 Year - (Email Delivery in 2 hours - No CD)","Want to install Office 365 Home for yourself on another device? You don't need to share your Office 365 Home subscription with yourself to install it on another device. Visit: office.com/myaccount on the computer you want to install on, and choose Install Office. For mobile devices, download the Office mobile apps from your app store and sign in. You can install Office on all your devices and be signed in to five devices at the same time. How to share your Office 365 Home subscription benefit with others? You can share your subscription with up to five other people. Those people can be anyone?within your family or outside of it. Visit:office.com/myaccount . Sign in with the same Microsoft account that you used to set up your Office 365 Home subscription. Click on Share Office. On the Share Office pop up,choose one: Invite via email: Enter their email and select Invite. The email you use to invite them should also be the email they use for their shared Office 365 subscription. Invite via link: Select the Copy button to send the link via email, text, or other message to the person you want to share with. When they click the link and sign in with their Microsoft account, they'll be added to your subscription. If you want to share with more than one person,create a separate link for each person. For more details on adding users visit: support.office.com/en-us/article/share-your-office-365-home-subscription-with-up-to-four-people-b389b9ce-3ae3-4a82-9017-39d79972fcba",0307U76RDLY,MS 365 5U 1Y DC,4699,0,2018-03-07 12:22:25 IST,,y,1,,,11,,,,B07B8SBRYC,,,,,,B07B8SBRYC,,,0,DEFAULT,Digital Delivery,Inactive,5299
Microsoft Office Home and Student 2016 for 1 Windows - Lifetime License (Email Delivery in 2 hours - No CD),,0307U76NJ44,MS HS 1U DC,6999,0,2018-03-07 12:20:00 IST,,y,1,,,11,,,,B07B8RBY6S,,,,,,B07B8RBY6S,,,0,DEFAULT,Digital Delivery,Inactive,9000
"Microsoft Office Home and Student 2019, One-time purchase - Lifetime Validity, 1 person, 1 PC or Mac (Email Delivery in 2 Hours - No CD)",,0416V4ZJN9O,MS_HS_2019ver,6899,0,2019-04-16 17:35:40 IST,,y,1,,,11,,,,B07NNNBMWG,,,,,,B07NNNBMWG,,,0,DEFAULT,Digital Delivery,Inactive,8799
"NPAV Net Protector Anti-Virus Pro 2020 - 1 PC, 1 Year (Email Delivery in 2 Hours- No CD)",,0430UV558IL,NPAV_EM_AV_1U_1Y,370,0,2018-04-30 20:12:35 IST,,y,1,,,11,,,,B07C7YTHYD,,,,,,B07C7YTHYD,,,0,DEFAULT,Digital Delivery Prime,Inactive,799
"Net Protector Total Internet Security and PC Protection 2017 - 1 PC, 1 Year (Email Delivery in 2 Hours - No CD)",,0811UBWA1SL,NPAV_TS2017_EM_1U_1Y,560,0,2018-08-11 11:42:21 IST,,y,1,,,11,,,,B07GB8STR5,,,,,,B07GB8STR5,,,0,DEFAULT,Digital Delivery Prime,Inactive,1400
"NPAV Net Protector 2020 Total Security Gold Edition - 1 PC, 1 Year (Email Delivery - No CD)",,0511XHSAG15,NPAV_TS2_EM_1U_1Y,500,0,2020-05-11 18:33:28 IST,,y,1,,,11,,,,B0846J7XJ9,,,,,,B0846J7XJ9,,,0,DEFAULT,Digital Delivery Prime,Inactive,999
"NPAV Net Protector 2020 Total Security Gold Edition - 1 PC, 1 Year (Email Delivery - No CD)",,0921XULFRQS,NPAV_TS_EM3_1U_1Y,469,0,2020-09-21 18:30:38 IST,,y,1,,,11,,,,B0846J7XJ9,,,,,,B0846J7XJ9,,,0,DEFAULT,Digital Delivery Prime,Inactive,1299
"Net Protector NPAV Total Security 2020 - 1 PC, 1 Year (Email delivery)",,0430UV3ZDPZ,NPAV_TS_EM_1U_1Y,500,0,2018-04-30 16:45:06 IST,,y,1,,,11,,,,B07CMYRGMH,,,,,,B07CMYRGMH,,,0,DEFAULT,Digital Delivery Prime,Inactive,999
"NPAV Net Protector 2020 Total Security Gold Edition - 1 PC, 3 Years (Email Delivery in 2 Hours- No CD)",,0430U2TLQQ8,NPAV_TS_EM_1U_3Y,1145,0,2018-04-30 16:37:47 IST,,y,1,,,11,,,,B07CHMP7J1,,,,,,B07CHMP7J1,,,0,DEFAULT,Digital Delivery Prime,Inactive,1400
"Net Protector NPAV Total Security 2020 - 1 PC, 1 Year (Email delivery)",,0517VR5AFCC,NPAV_TS_EM_GOV_1U_1Y,500,0,2019-05-17 14:03:24 IST,,y,1,,,11,,,,B07CMYRGMH,,,,,,B07CMYRGMH,,,0,DEFAULT,Digital Delivery Prime,Inactive,999
"Net Protector NPAV Total Security 2020 - 1 PC, 1 Year (Email delivery)",,0711VVTITTF,NPAV_TS_GOV_1U_1Y_998314,480,0,2019-07-11 16:41:01 IST,,y,1,,,11,,,,B07CMYRGMH,,,,,,B07CMYRGMH,,,0,DEFAULT,Digital Delivery Prime,Inactive,999
"NPAV Net Protector 2018 TS Gold Edition - 1 PC, 3 Years (CD)",,0724UGF8GBO,NPAV_TS_PH_1U_3Y,1236,,2018-07-24 16:59:56 IST,,y,1,,,11,,,,B01GE7TFNK,,,,,,B01GE7TFNK,,,,AMAZON_IN,Exp 199 - Std 99,Inactive,1400
"BitDefender Total Security Latest Version (Windows) - 1 User, 1 Year (Activation Key Card)",,0516UDWKD8L,bit ts 1u 1y fba,500,,2018-05-16 18:06:19 IST,,y,1,,,11,,,,B06WW185NK,,,,,,B06WW185NK,,,,AMAZON_IN,Exp 199 - Std 99,Inactive,
"BitDefender Total Security Latest Version (Windows) - 1 User, 3 Years (Activation Key Card)",,1117U5R89WQ,bit ts 1u 3y fba,749,,2018-11-17 13:55:59 IST,,y,1,,,11,,,,B072841DS1,,,,,,B072841DS1,,,,AMAZON_IN,Exp 199 - Std 99,Inactive,2500
Huawei data card E8231,,0716QANOXV4,huawei8231,1900,,2016-07-16 17:59:34 IST,,y,1,,With Wifi Range Extender!,11,,,,B00I07U3LG,,,,,,B00I07U3LG,,,,AMAZON_IN,Exp 199 - Std 99,Inactive,
Xbox Live 12 Months GOLD Subscription [video game],,1012UZMUXAP,live_cards_fba,3625,,2018-10-12 12:28:40 IST,,y,1,,,11,,,,B019XUBA7O,,,,,,B019XUBA7O,,,,AMAZON_IN,Exp 199 - Std 99,Inactive,3999
Xbox Live 12 Months GOLD Subscription [video game],,0606UA0R3OV,xbox_live_card_12m,3550,0,2018-06-06 11:52:43 IST,,y,1,,,11,,,,B019XUBA7O,,,,,,B019XUBA7O,,,0,DEFAULT,99,Inactive,3999
